{"cameraMode":{"drawMode":0,"name":"Shaded","section":"Shading Mode"},"sceneLighting":false,"audioPlay":false,"sceneViewState":{"showFog":true,"showMaterialUpdate":false,"showSkybox":false,"showFlares":true,"showImageEffects":true,"showParticleSystems":true},"in2DMode":false,"pivot":{"x":0.07669241726398468,"y":-0.0409184992313385,"z":0.737479031085968},"rotation":{"x":-0.0707394927740097,"y":-0.018854722380638124,"z":0.0013703304575756193,"w":-0.9973759055137634},"size":1.0895190238952637,"orthographic":false}