{"cameraMode":{"drawMode":0,"name":"Shaded","section":"Shading Mode"},"sceneLighting":false,"audioPlay":false,"sceneViewState":{"showFog":true,"showMaterialUpdate":false,"showSkybox":false,"showFlares":true,"showImageEffects":true,"showParticleSystems":true},"in2DMode":false,"pivot":{"x":0.11324892193078995,"y":-0.19343301653862,"z":0.5540087223052979},"rotation":{"x":-0.16579309105873109,"y":-0.0541127473115921,"z":0.009145418182015419,"w":-0.9846922159194946},"size":0.911749541759491,"orthographic":false}