{"cameraMode":{"drawMode":0,"name":"Shaded","section":"Shading Mode"},"sceneLighting":false,"audioPlay":false,"sceneViewState":{"showFog":true,"showMaterialUpdate":false,"showSkybox":false,"showFlares":true,"showImageEffects":true,"showParticleSystems":true},"in2DMode":false,"pivot":{"x":0.20491710305213929,"y":0.03200000151991844,"z":-0.006000000052154064},"rotation":{"x":-0.08420298248529434,"y":0.015542996115982533,"z":-0.0012823973083868623,"w":-0.9963821172714233},"size":0.8027955889701843,"orthographic":false}