{"cameraMode":{"drawMode":0,"name":"Shaded","section":"Shading Mode"},"sceneLighting":true,"audioPlay":false,"sceneViewState":{"showFog":true,"showMaterialUpdate":false,"showSkybox":true,"showFlares":true,"showImageEffects":true,"showParticleSystems":true},"in2DMode":false,"pivot":{"x":0.05688789486885071,"y":0.2741614580154419,"z":3.0716657638549806},"rotation":{"x":0.1408361792564392,"y":-0.013381298631429673,"z":0.0017808963311836124,"w":0.9900115132331848},"size":5.6429619789123539,"orthographic":false}