{"cameraMode":{"drawMode":0,"name":"Shaded","section":"Shading Mode"},"sceneLighting":false,"audioPlay":false,"sceneViewState":{"showFog":true,"showMaterialUpdate":false,"showSkybox":false,"showFlares":true,"showImageEffects":true,"showParticleSystems":true},"in2DMode":false,"pivot":{"x":0.10291710495948792,"y":0.03200000151991844,"z":-0.006000000052154064},"rotation":{"x":0.16006477177143098,"y":-0.0281481072306633,"z":0.004443074576556683,"w":0.9867663383483887},"size":0.47138115763664248,"orthographic":false}