{"cameraMode":{"drawMode":0,"name":"Shaded","section":"Shading Mode"},"sceneLighting":false,"audioPlay":false,"sceneViewState":{"showFog":true,"showMaterialUpdate":false,"showSkybox":false,"showFlares":true,"showImageEffects":true,"showParticleSystems":true},"in2DMode":false,"pivot":{"x":0.10291710495948792,"y":1.4789999723434449,"z":-0.006000000052154064},"rotation":{"x":0.1408361792564392,"y":-0.013381298631429673,"z":0.0017808963311836124,"w":0.9900115132331848},"size":0.4713810980319977,"orthographic":false}