{"cameraMode":{"drawMode":0,"name":"Shaded","section":"Shading Mode"},"sceneLighting":false,"audioPlay":false,"sceneViewState":{"showFog":true,"showMaterialUpdate":false,"showSkybox":false,"showFlares":true,"showImageEffects":true,"showParticleSystems":true},"in2DMode":false,"pivot":{"x":-0.19623595476150514,"y":0.39001595973968508,"z":0.8896704912185669},"rotation":{"x":0.22479498386383058,"y":0.026612604036927224,"z":-0.006136568728834391,"w":0.9740698337554932},"size":2.868481159210205,"orthographic":false}